{
  "train_acc": 0.8733383496363181,
  "test_acc": 0.9327146700715947,
  "f1_macro": 0.9232231875284329,
  "f1_weighted": 0.932618663830641
}