{
  "train_acc": 0.7910880817201359,
  "test_acc": 0.85462173377719,
  "f1_macro": 0.8327652399957252,
  "f1_weighted": 0.8532228489741902
}