{
  "train_acc": 0.8304717604943339,
  "test_acc": 0.8969857266633225,
  "f1_macro": 0.8819452636983738,
  "f1_weighted": 0.8963833743178299
}