{
  "train_acc": 0.6109800031921928,
  "test_acc": 0.6306261115417939,
  "f1_macro": 0.569523209910591,
  "f1_weighted": 0.6144553590426962
}